median_price,n_listings,avg_rating
280.66499999999996,10,3.9299999999999997
250.0,35,4.888333333333333
238.0,7,4.865714285714286
232.33,9,4.757142857142857
225.0,18,4.965714285714285
219.54000000000002,18,4.8575
214.745,46,4.775161290322581
206.0,12,5.0
205.33,487,4.766120481927711
188.07,1629,4.733453536754507
187.0,55,4.766530612244898
177.0,28,4.660555555555556
172.0,5,5.0
166.57,18,4.764666666666667
166.16500000000002,43,4.605294117647059
164.4,11,4.800000000000001
164.25,6,4.838
164.0,66,4.780943396226415
162.0,736,4.797721139430284
159.76,5,4.692
156.75,16,4.6066666666666665
156.0,20,4.815555555555556
155.2,7,4.903333333333333
154.5,191,4.779875
153.75,335,4.680207612456747
152.875,7,4.9157142857142855
152.51999999999998,3572,4.662807445834605
152.33,2588,4.67496480331263
151.43,364,4.786043165467626
151.0,25,4.609047619047619
150.0,113,4.833725490196079
149.0,1486,4.638287250384025
149.0,7,4.3125
147.33,185,4.6889375
144.0,9,4.788333333333333
144.0,244,4.748238095238095
142.83499999999998,272,4.741909090909091
142.5,16,4.725
140.16500000000002,281,4.678
140.0,5,4.9875
140.0,20,4.6049999999999995
138.51999999999998,445,4.698613333333333
137.25,14,4.6036363636363635
133.0,154,4.842767857142857
132.70999999999998,44,4.787575757575758
132.62,974,4.628395784543326
132.0,655,4.708765880217786
130.33,132,4.804146341463414
129.62,147,4.671475409836066
127.33,1250,4.694641313742437
125.8,14,4.848888888888889
124.86,13,4.7811111111111115
124.16,473,4.6103926701570686
124.0,7,4.94
124.0,285,4.619453125
123.735,14,4.886666666666667
122.0,22,4.628823529411765
122.0,159,4.615851851851851
119.91499999999999,78,4.715999999999999
119.5,40,4.5343478260869565
115.66,244,4.6572072072072075
115.6,94,4.72986301369863
115.0,313,4.58077205882353
114.33,33,4.715625
113.5,29,4.74
112.945,81,4.599180327868853
112.5,61,4.5713333333333335
112.4,106,4.679560439560439
112.0,258,4.550862068965517
110.25,10,4.678333333333334
109.2,9,4.786666666666666
109.0,12,4.366
106.945,49,4.573636363636364
106.0,37,4.6265
104.67,12,4.888888888888889
103.0,2154,4.584947368421052
102.5,138,4.667
99.86,111,4.596632653061225
99.10499999999999,640,4.5759375
98.0,60,4.7014
96.16499999999999,21,4.63
95.5,44,4.786896551724138
94.5,23,4.8115000000000006
94.0,29,4.59
93.5,52,4.667234042553192
93.305,131,4.647826086956521
92.5,38,4.903043478260869
92.0,197,4.703392857142857
90.86,58,4.6450000000000005
86.91499999999999,35,4.5085
83.0,65,4.737966101694916
82.3,863,4.476457219251337
81.5,8,4.635000000000001
80.0,5,4.753333333333333
80.0,466,4.318689839572193
79.88,5,4.8759999999999994
78.0,34,4.546086956521739
77.3,51,4.645116279069768
76.25,8,4.6587499999999995
75.32,18,4.7275
70.5,43,4.71725
68.5,83,4.7671052631578945
64.5,37,4.656000000000001
63.91,28,4.645909090909091
62.77,9,4.928333333333334
62.5,23,4.718666666666667
58.5,26,4.645238095238095
50.5,9,4.81
47.93,33,4.613478260869565
45.65,9,4.892857142857143
